Duration_cat,DelayRate_Duration,FreqRate_Duration
Long,0.461961332401584,21465
Medium,0.46092086416552264,235279
Short,0.4313028279890602,282639
