DepTimeCategory,DelayRate_DeptTime,FreqRate_DeptTime
Afternoon,0.4984752365052866,44925
Morning,0.493307833788264,341444
Night,0.3230619420445188,153014
